iter	RMSE
0	12.83668224
1	12.69274203
